{
  "uid": "e90408d9d8f044d69d88d4a9bd4017b4",
  "time": [
    "2019-01-01T00:00"
  ],
  "bus": [
    {
      "uid": "sourcebus",
      "x": 0.0,
      "y": 0.0,
      "phases": [
        1,
        2,
        3
      ],
      "kV_base": 0.23094010767585033,
      "vm": {
        "1": [
          235.5589061632715
        ],
        "2": [
          235.55890682351475
        ],
        "3": [
          235.55890686532123
        ]
      },
      "va": {
        "1": [
          -1.3344756939450244e-06
        ],
        "2": [
          -120.00000084365404
        ],
        "3": [
          119.99999914864654
        ]
      }
    },
    {
      "uid": "primary",
      "x": 1.0,
      "y": 0.0,
      "phases": [
        1,
        2,
        3
      ],
      "kV_base": 0.23094010767585033,
      "vm": {
        "1": [
          232.19131177665028
        ],
        "2": [
          234.08469124749342
        ],
        "3": [
          233.5618163378754
        ]
      },
      "va": {
        "1": [
          -0.21367982565817115
        ],
        "2": [
          -120.10766989770856
        ],
        "3": [
          120.11683223657079
        ]
      }
    },
    {
      "uid": "loadbus",
      "x": 2.0,
      "y": 0.0,
      "phases": [
        1,
        2,
        3
      ],
      "kV_base": 0.23094010767585033,
      "vm": {
        "1": [
          228.2771192229137
        ],
        "2": [
          232.3710194909878
        ],
        "3": [
          231.2494869371984
        ]
      },
      "va": {
        "1": [
          -0.46100921609328915
        ],
        "2": [
          -120.23049966533651
        ],
        "3": [
          120.2603676923248
        ]
      }
    }
  ],
  "branch": [
    {
      "uid": "Line.ohline",
      "transformer": false,
      "length": 1.0,
      "f_connections": [
        1,
        2,
        3
      ],
      "t_connections": [
        1,
        2,
        3
      ],
      "source": "sourcebus",
      "target": "primary",
      "normal_flow_limit": 92.37604307034013,
      "Rm": [
        0.1,
        0.04,
        0.04,
        0.04,
        0.1,
        0.04,
        0.04,
        0.04,
        0.1
      ],
      "Xm": [
        0.0583,
        0.0233,
        0.0233,
        0.0233,
        0.0583,
        0.0233,
        0.0233,
        0.0233,
        0.0583
      ],
      "Ym": [
        8.000000000000003e-06,
        -0.0,
        -0.0,
        -0.0,
        8.000000000000003e-06,
        -0.0,
        -0.0,
        -0.0,
        8.000000000000003e-06
      ],
      "n": 6,
      "p_nm": {
        "1": [
          9.261886841207923
        ],
        "2": [
          6.0700340033540385
        ],
        "3": [
          6.1256323140123214
        ]
      },
      "p_mn": {
        "1": [
          -9.141063194453379
        ],
        "2": [
          -6.037757107292697
        ],
        "3": [
          -6.067566348112029
        ]
      },
      "q_nm": {
        "1": [
          3.168570951584452
        ],
        "2": [
          3.063837323177233
        ],
        "3": [
          3.0263409047966388
        ]
      },
      "q_mn": {
        "1": [
          -3.090072272056455
        ],
        "2": [
          -3.034201510359347
        ],
        "3": [
          -3.0139386169004436
        ]
      }
    },
    {
      "uid": "Line.quad",
      "transformer": false,
      "length": 1.0,
      "f_connections": [
        1,
        2,
        3
      ],
      "t_connections": [
        1,
        2,
        3
      ],
      "source": "primary",
      "target": "loadbus",
      "normal_flow_limit": 92.37604307034013,
      "Rm": [
        0.1167,
        0.0467,
        0.0467,
        0.0467,
        0.1167,
        0.0467,
        0.0467,
        0.0467,
        0.1167
      ],
      "Xm": [
        0.0667,
        0.0267,
        0.0267,
        0.0267,
        0.0667,
        0.0267,
        0.0267,
        0.0267,
        0.0667
      ],
      "Ym": [
        8.000000000000003e-06,
        -0.0,
        -0.0,
        -0.0,
        8.000000000000003e-06,
        -0.0,
        -0.0,
        -0.0,
        8.000000000000003e-06
      ],
      "n": 6,
      "p_nm": {
        "1": [
          9.141063194453587
        ],
        "2": [
          6.037757107292885
        ],
        "3": [
          6.06756634811245
        ]
      },
      "p_mn": {
        "1": [
          -8.99999878633898
        ],
        "2": [
          -6.000000502178111
        ],
        "3": [
          -6.000000097980216
        ]
      },
      "q_nm": {
        "1": [
          3.0900722720563225
        ],
        "2": [
          3.0342015103591926
        ],
        "3": [
          3.0139386169005653
        ]
      },
      "q_mn": {
        "1": [
          -2.999999590969336
        ],
        "2": [
          -3.0000002528395853
        ],
        "3": [
          -3.000000048347957
        ]
      }
    }
  ],
  "load_shape": [
    {
      "uid": "default",
      "p_mult": [
        0.6256,
        0.6087,
        0.5833,
        0.58028,
        0.6025,
        0.657,
        0.7477,
        0.832,
        0.88,
        0.94,
        0.989,
        0.985,
        0.98,
        0.9898,
        0.999,
        1.0,
        0.958,
        0.936,
        0.913,
        0.876,
        0.876,
        0.828,
        0.756,
        0.677
      ],
      "q_mult": [
        0.0
      ]
    }
  ],
  "load": [
    {
      "bus": "loadbus",
      "uid": "l1",
      "phases": [
        1
      ],
      "pf": 0.9486832980505138,
      "kV": 0.23094010767585033,
      "kW": 9.0,
      "kvar": 3.0,
      "load_shape": null,
      "p": {
        "1": [
          8.999999444029603
        ]
      },
      "q": {
        "1": [
          2.999999619419455
        ]
      }
    },
    {
      "bus": "loadbus",
      "uid": "l2",
      "phases": [
        2
      ],
      "pf": 0.8944271909999159,
      "kV": 0.23094010767585033,
      "kW": 6.0,
      "kvar": 3.0,
      "load_shape": null,
      "p": {
        "2": [
          6.0000003062215415
        ]
      },
      "q": {
        "2": [
          3.00000001227193
        ]
      }
    },
    {
      "bus": "loadbus",
      "uid": "l3",
      "phases": [
        3
      ],
      "pf": 0.8944271909999159,
      "kV": 0.23094010767585033,
      "kW": 6.0,
      "kvar": 3.0,
      "load_shape": null,
      "p": {
        "3": [
          5.9999999529981425
        ]
      },
      "q": {
        "3": [
          3.0000002159942465
        ]
      }
    }
  ],
  "capacitor": [],
  "vsource": [
    {
      "uid": "source",
      "phases": [
        1,
        2,
        3
      ],
      "bus": "sourcebus",
      "p": {
        "1": [
          9.261886833547024
        ],
        "2": [
          6.070033960431513
        ],
        "3": [
          6.12563227164497
        ]
      },
      "q": {
        "1": [
          3.1685709739339782
        ],
        "2": [
          3.0638372306772936
        ],
        "3": [
          3.026340912979729
        ]
      }
    }
  ]
}