{
  "uid": "08921679b09c41d58391f66c0acc967b",
  "time": [
    "2019-01-01T00:00"
  ],
  "bus": [
    {
      "uid": "sourcebus",
      "x": 0.0,
      "y": 0.0,
      "phases": [
        1,
        2,
        3
      ],
      "kV_base": 0.23094010767585033,
      "vm": {
        "1": [
          229.9932494710591
        ],
        "2": [
          229.99325015284725
        ],
        "3": [
          229.99325019670223
        ]
      },
      "va": {
        "1": [
          -1.4027064774209286e-06
        ],
        "2": [
          -120.00000088640166
        ],
        "3": [
          119.99999910594285
        ]
      }
    },
    {
      "uid": "primary",
      "x": 0.0,
      "y": 0.0,
      "phases": [
        1,
        2,
        3
      ],
      "kV_base": 0.23094010767585033,
      "vm": {
        "1": [
          226.53762691279493
        ],
        "2": [
          228.48279993807188
        ],
        "3": [
          227.9467922102858
        ]
      },
      "va": {
        "1": [
          -0.22425502104551384
        ],
        "2": [
          -120.1132447399251
        ],
        "3": [
          120.122818346758
        ]
      }
    },
    {
      "uid": "loadbus",
      "x": 0.0,
      "y": 0.0,
      "phases": [
        1,
        2,
        3
      ],
      "kV_base": 0.23094010767585033,
      "vm": {
        "1": [
          222.5213396889252
        ],
        "2": [
          226.72706359400263
        ],
        "3": [
          225.5773893473379
        ]
      },
      "va": {
        "1": [
          -0.484238286895304
        ],
        "2": [
          -120.24253463001986
        ],
        "3": [
          120.2738354090282
        ]
      }
    }
  ],
  "branch": [
    {
      "uid": "Line.ohline",
      "transformer": false,
      "length": 1.0,
      "phases": [
        1,
        2,
        3
      ],
      "source": "sourcebus",
      "target": "primary",
      "normal_flow_limit": 92.37604307034013,
      "Rm": [
        0.1,
        0.04,
        0.04,
        0.04,
        0.1,
        0.04,
        0.04,
        0.04,
        0.1
      ],
      "Xm": [
        0.0583,
        0.0233,
        0.0233,
        0.0233,
        0.0583,
        0.0233,
        0.0233,
        0.0233,
        0.0583
      ],
      "Ym": [
        8.000000000000003e-06,
        -0.0,
        -0.0,
        -0.0,
        8.000000000000003e-06,
        -0.0,
        -0.0,
        -0.0,
        8.000000000000003e-06
      ],
      "n": 6,
      "p_nm": {
        "1": [
          9.275674187076834
        ],
        "2": [
          6.073501905315778
        ],
        "3": [
          6.13199990764895
        ]
      },
      "p_mn": {
        "1": [
          -9.148489902914335
        ],
        "2": [
          -6.039626611570877
        ],
        "3": [
          -6.070990505494253
        ]
      },
      "q_nm": {
        "1": [
          3.1775750616736373
        ],
        "2": [
          3.0672729572847657
        ],
        "3": [
          3.027778162633138
        ]
      },
      "q_mn": {
        "1": [
          -3.0948766606643745
        ],
        "2": [
          -3.036035826736609
        ],
        "3": [
          -3.0146930607117444
        ]
      }
    },
    {
      "uid": "Line.quad",
      "transformer": false,
      "length": 1.0,
      "phases": [
        1,
        2,
        3
      ],
      "source": "primary",
      "target": "loadbus",
      "normal_flow_limit": 92.37604307034013,
      "Rm": [
        0.1167,
        0.0467,
        0.0467,
        0.0467,
        0.1167,
        0.0467,
        0.0467,
        0.0467,
        0.1167
      ],
      "Xm": [
        0.0667,
        0.0267,
        0.0267,
        0.0267,
        0.0667,
        0.0267,
        0.0267,
        0.0267,
        0.0667
      ],
      "Ym": [
        8.000000000000003e-06,
        -0.0,
        -0.0,
        -0.0,
        8.000000000000003e-06,
        -0.0,
        -0.0,
        -0.0,
        8.000000000000003e-06
      ],
      "n": 6,
      "p_nm": {
        "1": [
          9.148489902914475
        ],
        "2": [
          6.039626611570951
        ],
        "3": [
          6.070990505494305
        ]
      },
      "p_mn": {
        "1": [
          -8.999999759311997
        ],
        "2": [
          -6.000000096168015
        ],
        "3": [
          -6.000000018818856
        ]
      },
      "q_nm": {
        "1": [
          3.094876660664348
        ],
        "2": [
          3.0360358267366867
        ],
        "3": [
          3.0146930607116547
        ]
      },
      "q_mn": {
        "1": [
          -2.999999917040311
        ],
        "2": [
          -3.0000000470559955
        ],
        "3": [
          -3.0000000115798966
        ]
      }
    }
  ],
  "load_shape": [
    {
      "uid": "default",
      "p_mult": [
        0.6256,
        0.6087,
        0.5833,
        0.58028,
        0.6025,
        0.657,
        0.7477,
        0.832,
        0.88,
        0.94,
        0.989,
        0.985,
        0.98,
        0.9898,
        0.999,
        1.0,
        0.958,
        0.936,
        0.913,
        0.876,
        0.876,
        0.828,
        0.756,
        0.677
      ],
      "q_mult": [
        0.0
      ]
    }
  ],
  "load": [
    {
      "bus": "loadbus",
      "uid": "l1",
      "phases": [
        1
      ],
      "pf": 0.9486832980505138,
      "kV": 0.23094010767585033,
      "kW": 9.0,
      "kvar": 3.0,
      "load_shape": null,
      "p": {
        "1": [
          8.99999988620799
        ]
      },
      "q": {
        "1": [
          2.999999923923541
        ]
      }
    },
    {
      "bus": "loadbus",
      "uid": "l2",
      "phases": [
        2
      ],
      "pf": 0.8944271909999159,
      "kV": 0.23094010767585033,
      "kW": 6.0,
      "kvar": 3.0,
      "load_shape": null,
      "p": {
        "2": [
          6.000000060133012
        ]
      },
      "q": {
        "2": [
          3.000000001633407
        ]
      }
    },
    {
      "bus": "loadbus",
      "uid": "l3",
      "phases": [
        3
      ],
      "pf": 0.8944271909999159,
      "kV": 0.23094010767585033,
      "kW": 6.0,
      "kvar": 3.0,
      "load_shape": null,
      "p": {
        "3": [
          5.999999991160752
        ]
      },
      "q": {
        "3": [
          3.0000000428652194
        ]
      }
    }
  ],
  "capacitor": [],
  "vsource": [
    {
      "uid": "source",
      "phases": [
        1,
        2,
        3
      ],
      "bus": "sourcebus",
      "p": {
        "1": [
          9.27567418783049
        ],
        "2": [
          6.07350186301946
        ],
        "3": [
          6.13199983123561
        ]
      },
      "q": {
        "1": [
          3.1775750984870457
        ],
        "2": [
          3.0672729064721964
        ],
        "3": [
          3.0277781028188655
        ]
      }
    }
  ]
}