{
  "uid": "e60a3054b8794f1c9339e46b67cf0754",
  "time": [
    "2019-01-01T00:00"
  ],
  "bus": [
    {
      "uid": "sourcebus",
      "x": 0.0,
      "y": 0.0,
      "phases": [
        1,
        2,
        3
      ],
      "kV_base": 0.23094010767585033,
      "vm": {
        "1": [
          229.9932494710591
        ],
        "2": [
          229.99325015284725
        ],
        "3": [
          229.99325019670223
        ]
      },
      "va": {
        "1": [
          -1.4027064774209286e-06
        ],
        "2": [
          -120.00000088640166
        ],
        "3": [
          119.99999910594285
        ]
      }
    },
    {
      "uid": "primary",
      "x": 0.0,
      "y": 0.0,
      "phases": [
        1,
        2,
        3
      ],
      "kV_base": 0.23094010767585033,
      "vm": {
        "1": [
          226.53762691279493
        ],
        "2": [
          228.48279993807188
        ],
        "3": [
          227.9467922102858
        ]
      },
      "va": {
        "1": [
          -0.22425502104551384
        ],
        "2": [
          -120.1132447399251
        ],
        "3": [
          120.122818346758
        ]
      }
    },
    {
      "uid": "loadbus",
      "x": 0.0,
      "y": 0.0,
      "phases": [
        1,
        2,
        3
      ],
      "kV_base": 0.23094010767585033,
      "vm": {
        "1": [
          222.5213396889252
        ],
        "2": [
          226.72706359400263
        ],
        "3": [
          225.5773893473379
        ]
      },
      "va": {
        "1": [
          -0.484238286895304
        ],
        "2": [
          -120.24253463001986
        ],
        "3": [
          120.2738354090282
        ]
      }
    }
  ],
  "branch": [
    {
      "uid": "Line.ohline",
      "transformer": false,
      "length": 1.0,
      "phases": [
        1,
        2,
        3
      ],
      "source": "sourcebus",
      "target": "primary",
      "yprim": [
        9.67251619463975,
        -5.641525135343061,
        -2.7627169659820106,
        1.6123528750196305,
        -2.76271696598201,
        1.612352875019631,
        -9.67251619463975,
        5.641533135343061,
        2.7627169659820106,
        -1.6123528750196305,
        2.76271696598201,
        -1.612352875019631,
        -2.7627169659820106,
        1.6123528750196305,
        9.67251619463975,
        -5.641525135343061,
        -2.7627169659820097,
        1.6123528750196308,
        2.7627169659820106,
        -1.6123528750196305,
        -9.67251619463975,
        5.641533135343061,
        2.7627169659820097,
        -1.6123528750196308,
        -2.76271696598201,
        1.612352875019631,
        -2.7627169659820097,
        1.6123528750196308,
        9.67251619463975,
        -5.641525135343062,
        2.76271696598201,
        -1.612352875019631,
        2.7627169659820097,
        -1.6123528750196308,
        -9.67251619463975,
        5.641533135343062,
        -9.67251619463975,
        5.641533135343061,
        2.7627169659820106,
        -1.6123528750196305,
        2.76271696598201,
        -1.612352875019631,
        9.67251619463975,
        -5.641525135343061,
        -2.7627169659820106,
        1.6123528750196305,
        -2.76271696598201,
        1.612352875019631,
        2.7627169659820106,
        -1.6123528750196305,
        -9.67251619463975,
        5.641533135343061,
        2.7627169659820097,
        -1.6123528750196308,
        -2.7627169659820106,
        1.6123528750196305,
        9.67251619463975,
        -5.641525135343061,
        -2.7627169659820097,
        1.6123528750196308,
        2.76271696598201,
        -1.612352875019631,
        2.7627169659820097,
        -1.6123528750196308,
        -9.67251619463975,
        5.641533135343062,
        -2.76271696598201,
        1.612352875019631,
        -2.7627169659820097,
        1.6123528750196308,
        9.67251619463975,
        -5.641525135343062
      ],
      "normal_flow_limit": 92.37604307034013,
      "Rm": [
        0.1,
        0.04,
        0.04,
        0.04,
        0.1,
        0.04,
        0.04,
        0.04,
        0.1
      ],
      "Xm": [
        0.0583,
        0.0233,
        0.0233,
        0.0233,
        0.0583,
        0.0233,
        0.0233,
        0.0233,
        0.0583
      ],
      "Ym": [
        8.000000000000003e-06,
        -0.0,
        -0.0,
        -0.0,
        8.000000000000003e-06,
        -0.0,
        -0.0,
        -0.0,
        8.000000000000003e-06
      ],
      "n": 6,
      "p_nm": {
        "1": [
          9.275674187076834
        ],
        "2": [
          6.073501905315778
        ],
        "3": [
          6.13199990764895
        ]
      },
      "p_mn": {
        "1": [
          -9.148489902914335
        ],
        "2": [
          -6.039626611570877
        ],
        "3": [
          -6.070990505494253
        ]
      },
      "q_nm": {
        "1": [
          3.1775750616736373
        ],
        "2": [
          3.0672729572847657
        ],
        "3": [
          3.027778162633138
        ]
      },
      "q_mn": {
        "1": [
          -3.0948766606643745
        ],
        "2": [
          -3.036035826736609
        ],
        "3": [
          -3.0146930607117444
        ]
      }
    },
    {
      "uid": "Line.quad",
      "transformer": false,
      "length": 1.0,
      "phases": [
        1,
        2,
        3
      ],
      "source": "primary",
      "target": "loadbus",
      "yprim": [
        8.37528865845627,
        -4.786115158366996,
        -2.3939421107745,
        1.3677229954791583,
        -2.3939421107745,
        1.3677229954791585,
        -8.37528865845627,
        4.786123158366996,
        2.3939421107745,
        -1.3677229954791583,
        2.3939421107745,
        -1.3677229954791585,
        -2.3939421107745,
        1.3677229954791583,
        8.37528865845627,
        -4.786115158366995,
        -2.3939421107744994,
        1.3677229954791579,
        2.3939421107745,
        -1.3677229954791583,
        -8.37528865845627,
        4.786123158366995,
        2.3939421107744994,
        -1.3677229954791579,
        -2.3939421107745,
        1.3677229954791585,
        -2.3939421107744994,
        1.3677229954791579,
        8.37528865845627,
        -4.786115158366995,
        2.3939421107745,
        -1.3677229954791585,
        2.3939421107744994,
        -1.3677229954791579,
        -8.37528865845627,
        4.786123158366995,
        -8.37528865845627,
        4.786123158366996,
        2.3939421107745,
        -1.3677229954791583,
        2.3939421107745,
        -1.3677229954791585,
        8.37528865845627,
        -4.786115158366996,
        -2.3939421107745,
        1.3677229954791583,
        -2.3939421107745,
        1.3677229954791585,
        2.3939421107745,
        -1.3677229954791583,
        -8.37528865845627,
        4.786123158366995,
        2.3939421107744994,
        -1.3677229954791579,
        -2.3939421107745,
        1.3677229954791583,
        8.37528865845627,
        -4.786115158366995,
        -2.3939421107744994,
        1.3677229954791579,
        2.3939421107745,
        -1.3677229954791585,
        2.3939421107744994,
        -1.3677229954791579,
        -8.37528865845627,
        4.786123158366995,
        -2.3939421107745,
        1.3677229954791585,
        -2.3939421107744994,
        1.3677229954791579,
        8.37528865845627,
        -4.786115158366995
      ],
      "normal_flow_limit": 92.37604307034013,
      "Rm": [
        0.1167,
        0.0467,
        0.0467,
        0.0467,
        0.1167,
        0.0467,
        0.0467,
        0.0467,
        0.1167
      ],
      "Xm": [
        0.0667,
        0.0267,
        0.0267,
        0.0267,
        0.0667,
        0.0267,
        0.0267,
        0.0267,
        0.0667
      ],