{
  "time": [
    "2019-01-01T00:00"
  ],
  "bus": [
    {
      "uid": "sourcebus",
      "x": 0.0,
      "y": 0.0,
      "phases": [
        1,
        2,
        3
      ],
      "kV_base": 0.23094010767585033,
      "vm": {
        "1": [
          229.9932495641092
        ],
        "2": [
          229.99325018477168
        ],
        "3": [
          229.99325021718158
        ]
      },
      "va": {
        "1": [
          -1.3813161966289015e-06
        ],
        "2": [
          -120.00000088086284
        ],
        "3": [
          119.99999911734267
        ]
      }
    },
    {
      "uid": "loadbus",
      "x": 0.0,
      "y": 0.0,
      "phases": [
        1,
        2,
        3
      ],
      "kV_base": 0.23094010767585033,
      "vm": {
        "1": [
          226.61060293796965
        ],
        "2": [
          228.48952419464158
        ],
        "3": [
          227.95896565907816
        ]
      },
      "va": {
        "1": [
          -0.224677965173406
        ],
        "2": [
          -120.11022918680193
        ],
        "3": [
          120.12064810199827
        ]
      }
    }
  ],
  "branch": [
    {
      "uid": "Line.ohline",
      "transformer": false,
      "length": 1.0,
      "phases": [
        1,
        2,
        3
      ],
      "source": "sourcebus",
      "target": "loadbus",
      "yprim": [
        9.67251619463975,
        -5.641525135343061,
        -2.7627169659820106,
        1.6123528750196305,
        -2.76271696598201,
        1.612352875019631,
        -9.67251619463975,
        5.641533135343061,
        2.7627169659820106,
        -1.6123528750196305,
        2.76271696598201,
        -1.612352875019631,
        -2.7627169659820106,
        1.6123528750196305,
        9.67251619463975,
        -5.641525135343061,
        -2.7627169659820097,
        1.6123528750196308,
        2.7627169659820106,
        -1.6123528750196305,
        -9.67251619463975,
        5.641533135343061,
        2.7627169659820097,
        -1.6123528750196308,
        -2.76271696598201,
        1.612352875019631,
        -2.7627169659820097,
        1.6123528750196308,
        9.67251619463975,
        -5.641525135343062,
        2.76271696598201,
        -1.612352875019631,
        2.7627169659820097,
        -1.6123528750196308,
        -9.67251619463975,
        5.641533135343062,
        -9.67251619463975,
        5.641533135343061,
        2.7627169659820106,
        -1.6123528750196305,
        2.76271696598201,
        -1.612352875019631,
        9.67251619463975,
        -5.641525135343061,
        -2.7627169659820106,
        1.6123528750196305,
        -2.76271696598201,
        1.612352875019631,
        2.7627169659820106,
        -1.6123528750196305,
        -9.67251619463975,
        5.641533135343061,
        2.7627169659820097,
        -1.6123528750196308,
        -2.7627169659820106,
        1.6123528750196305,
        9.67251619463975,
        -5.641525135343061,
        -2.7627169659820097,
        1.6123528750196308,
        2.76271696598201,
        -1.612352875019631,
        2.7627169659820097,
        -1.6123528750196308,
        -9.67251619463975,
        5.641533135343062,
        -2.76271696598201,
        1.612352875019631,
        -2.7627169659820097,
        1.6123528750196308,
        9.67251619463975,
        -5.641525135343062
      ],
      "normal_flow_limit": 92.37604307034013,
      "Rm": [
        0.1,
        0.04,
        0.04,
        0.04,
        0.1,
        0.04,
        0.04,
        0.04,
        0.1
      ],
      "Xm": [
        0.0583,
        0.0233,
        0.0233,
        0.0233,
        0.0583,
        0.0233,
        0.0233,
        0.0233,
        0.0583
      ],
      "n": 6,
      "pij": {
        "1": [
          9.122335297294768
        ],
        "2": [
          6.033667326772283
        ],
        "3": [
          6.0599026991503075
        ]
      },
      "pji": {
        "1": [
          -8.99999931422528
        ],
        "2": [
          -6.000000256938715
        ],
        "3": [
          -6.000000027170531
        ]
      },
      "qij": {
        "1": [
          3.0797364607989306
        ],
        "2": [
          3.030513476320792
        ],
        "3": [
          3.0131753502307244
        ]
      },
      "qji": {
        "1": [
          -2.9999997671385366
        ],
        "2": [
          -3.000000126843752
        ],
        "3": [
          -3.0000000169903362
        ]
      },
      "b_k": {
        "1": 300881.76721829665,
        "2": 300881.76721829665,
        "3": 300881.7672182966
      }
    }
  ],
  "load": [
    {
      "bus": "loadbus",
      "uid": "l1",
      "phases": [
        1
      ],
      "kVA_base": 9.486832980505138,
      "p": {
        "1": [
          8.99999968445907
        ]
      },
      "q": {
        "1": [
          2.9999997798609703
        ]
      }
    },
    {
      "bus": "loadbus",
      "uid": "l2",
      "phases": [
        2
      ],
      "kVA_base": 6.708203932499369,
      "p": {
        "2": [
          6.00000016031351
        ]
      },
      "q": {
        "2": [
          3.000000003150941
        ]
      }
    },
    {
      "bus": "loadbus",
      "uid": "l3",
      "phases": [
        3
      ],
      "kVA_base": 6.708203932499369,
      "p": {
        "3": [
          5.999999961349995
        ]
      },
      "q": {
        "3": [
          3.0000001134287295
        ]
      }
    }
  ],
  "capacitor": [],
  "vsource": [
    {
      "uid": "source",
      "phases": [
        1,
        2,
        3
      ],
      "bus": "sourcebus",
      "p": {
        "1": [
          9.122335301973756
        ],
        "2": [
          6.033667304108033
        ],
        "3": [
          6.05990259520932
        ]
      },
      "q": {
        "1": [
          3.0797363581113255
        ],
        "2": [
          3.0305134385089567
        ],
        "3": [
          3.0131752491272557
        ]
      }
    }
  ],
  "generators": [],
  "ybus": {
    "matrix": [
      9.67251619463975,
      -5.641525135343061,
      -2.7627169659820106,
      1.6123528750196305,
      -2.76271696598201,
      1.612352875019631,
      -9.67251619463975,
      5.641533135343061,
      2.7627169659820106,
      -1.6123528750196305,
      2.76271696598201,
      -1.612352875019631,
      -2.7627169659820106,
      1.6123528750196305,
      9.67251619463975,
      -5.641525135343061,
      -2.7627169659820097,
      1.6123528750196308,
      2.7627169659820106,
      -1.6123528750196305,
      -9.67251619463975,
      5.641533135343061,
      2.7627169659820097,
      -1.6123528750196308,
      -2.76271696598201,
      1.612352875019631,
      -2.7627169659820097,
      1.6123528750196308,
      9.67251619463975,
      -5.641525135343062,
      2.76271696598201,
      -1.612352875019631,
      2.7627169659820097,
      -1.6123528750196308,
      -9.67251619463975,
      5.641533135343062,
      -9.67251619463975,
      5.641533135343061,
      2.7627169659820106,
      -1.6123528750196305,
      2.76271696598201,
      -1.612352875019631,
      9.67251619463975,
      -5.641525135343061,
      -2.7627169659820106,
      1.6123528750196305,
      -2.76271696598201,
      1.612352875019631,
      2.7627169659820106,
      -1.6123528750196305,
      -9.67251619463975,
      5.641533135343061,
      2.7627169659820097,
      -1.6123528750196308,
      -2.7627169659820106,
      1.6123528750196305,
      9.67251619463975,
      -5.641525135343061,
      -2.7627169659820097,
      1.6123528750196308,
      2.76271696598201,
      -1.612352875019631,
      2.7627169659820097,
      -1.6123528750196308,
      -9.67251619463975,
      5.641533135343062,
      -2.76271696598201,
      1.612352875019631,
      -2.7627169659820097,
      1.6123528750196308,
      9.67251619463975,
      -5.641525135343062
    ],