{
  "time": [
    "2019-01-01T00:00"
  ],
  "bus": [
    {
      "uid": "sourcebus",
      "x": 0.0,
      "y": 0.0,
      "phases": [
        1,
        2,
        3
      ],
      "kV_base": 0.23094010767585033,
      "vm": {
        "1": [
          229.99324948385802
        ],
        "2": [
          229.99325015723926
        ],
        "3": [
          229.99325019926684
        ]
      },
      "va": {
        "1": [
          -1.39947144626426e-06
        ],
        "2": [
          -120.00000088557945
        ],
        "3": [
          119.99999910758852
        ]
      }
    },
    {
      "uid": "loadbus",
      "x": 0.0,
      "y": 0.0,
      "phases": [
        1,
        2,
        3
      ],
      "kV_base": 0.23094010767585033,
      "vm": {
        "1": [
          223.1065287649628
        ],
        "2": [
          226.97473602609088
        ],
        "3": [
          225.90476146767676
        ]
      },
      "va": {
        "1": [
          -0.4552362761383225
        ],
        "2": [
          -120.22704181647795
        ],
        "3": [
          120.24730512197742
        ]
      }
    }
  ],
  "branch": [
    {
      "uid": "Line.ohline",
      "transformer": false,
      "length": 2.0,
      "phases": [
        1,
        2,
        3
      ],
      "source": "sourcebus",
      "target": "loadbus",
      "yprim": [
        4.836258097319875,
        -2.8207505676715305,
        -1.3813584829910053,
        0.8061764375098153,
        -1.381358482991005,
        0.8061764375098155,
        -4.836258097319875,
        2.8207665676715306,
        1.3813584829910053,
        -0.8061764375098153,
        1.381358482991005,
        -0.8061764375098155,
        -1.3813584829910053,
        0.8061764375098153,
        4.836258097319875,
        -2.8207505676715305,
        -1.3813584829910048,
        0.8061764375098154,
        1.3813584829910053,
        -0.8061764375098153,
        -4.836258097319875,
        2.8207665676715306,
        1.3813584829910048,
        -0.8061764375098154,
        -1.381358482991005,
        0.8061764375098155,
        -1.3813584829910048,
        0.8061764375098154,
        4.836258097319875,
        -2.820750567671531,
        1.381358482991005,
        -0.8061764375098155,
        1.3813584829910048,
        -0.8061764375098154,
        -4.836258097319875,
        2.820766567671531,
        -4.836258097319875,
        2.8207665676715306,
        1.3813584829910053,
        -0.8061764375098153,
        1.381358482991005,
        -0.8061764375098155,
        4.836258097319875,
        -2.8207505676715305,
        -1.3813584829910053,
        0.8061764375098153,
        -1.381358482991005,
        0.8061764375098155,
        1.3813584829910053,
        -0.8061764375098153,
        -4.836258097319875,
        2.8207665676715306,
        1.3813584829910048,
        -0.8061764375098154,
        -1.3813584829910053,
        0.8061764375098153,
        4.836258097319875,
        -2.8207505676715305,
        -1.3813584829910048,
        0.8061764375098154,
        1.381358482991005,
        -0.8061764375098155,
        1.3813584829910048,
        -0.8061764375098154,
        -4.836258097319875,
        2.820766567671531,
        -1.381358482991005,
        0.8061764375098155,
        -1.3813584829910048,
        0.8061764375098154,
        4.836258097319875,
        -2.820750567671531
      ],
      "normal_flow_limit": 92.37604307034013,
      "Rm": [
        0.1,
        0.04,
        0.04,
        0.04,
        0.1,
        0.04,
        0.04,
        0.04,
        0.1
      ],
      "Xm": [
        0.0583,
        0.0233,
        0.0233,
        0.0233,
        0.0583,
        0.0233,
        0.0233,
        0.0233,
        0.0583
      ],
      "n": 6,
      "pij": {
        "1": [
          9.252948682372962
        ],
        "2": [
          6.067703130591654
        ],
        "3": [
          6.121712453501778
        ]
      },
      "pji": {
        "1": [
          -8.999999858779486
        ],
        "2": [
          -6.000000057346488
        ],
        "3": [
          -6.00000001017868
        ]
      },
      "qij": {
        "1": [
          3.1645518537753934
        ],
        "2": [
          3.0622830712255262
        ],
        "3": [
          3.0262223122720684
        ]
      },
      "qji": {
        "1": [
          -2.999999951383732
        ],
        "2": [
          -3.000000028114184
        ],
        "3": [
          -3.0000000062953798
        ]
      },
      "b_k": {
        "1": 150440.88360914832,
        "2": 150440.88360914832,
        "3": 150440.8836091483
      }
    }
  ],
  "load": [
    {
      "bus": "loadbus",
      "uid": "l1",
      "phases": [
        1
      ],
      "kVA_base": 9.486832980505138,
      "p": {
        "1": [
          8.999999933654447
        ]
      },
      "q": {
        "1": [
          2.999999954751948
        ]
      }
    },
    {
      "bus": "loadbus",
      "uid": "l2",
      "phases": [
        2
      ],
      "kVA_base": 6.708203932499369,
      "p": {
        "2": [
          6.000000035623869
        ]
      },
      "q": {
        "2": [
          3.000000001392444
        ]
      }
    },
    {
      "bus": "loadbus",
      "uid": "l3",
      "phases": [
        3
      ],
      "kVA_base": 6.708203932499369,
      "p": {
        "3": [
          5.999999994262645
        ]
      },
      "q": {
        "3": [
          3.0000000250948142
        ]
      }
    }
  ],
  "capacitor": [],
  "vsource": [
    {
      "uid": "source",
      "phases": [
        1,
        2,
        3
      ],
      "bus": "sourcebus",
      "p": {
        "1": [
          9.252948688019387
        ],
        "2": [
          6.067703122053579
        ],
        "3": [
          6.12171251562732
        ]
      },
      "q": {
        "1": [
          3.1645518122686007
        ],
        "2": [
          3.062283084378781
        ],
        "3": [
          3.02622229230506
        ]
      }
    }
  ],
  "generators": [],
  "ybus": {
    "matrix": [
      4.836258097319875,
      -2.8207505676715305,
      -1.3813584829910053,
      0.8061764375098153,
      -1.381358482991005,
      0.8061764375098155,
      -4.836258097319875,
      2.8207665676715306,
      1.3813584829910053,
      -0.8061764375098153,
      1.381358482991005,
      -0.8061764375098155,
      -1.3813584829910053,
      0.8061764375098153,
      4.836258097319875,
      -2.8207505676715305,
      -1.3813584829910048,
      0.8061764375098154,
      1.3813584829910053,
      -0.8061764375098153,
      -4.836258097319875,
      2.8207665676715306,
      1.3813584829910048,
      -0.8061764375098154,
      -1.381358482991005,
      0.8061764375098155,
      -1.3813584829910048,
      0.8061764375098154,
      4.836258097319875,
      -2.820750567671531,
      1.381358482991005,
      -0.8061764375098155,
      1.3813584829910048,
      -0.8061764375098154,
      -4.836258097319875,
      2.820766567671531,
      -4.836258097319875,
      2.8207665676715306,
      1.3813584829910053,
      -0.8061764375098153,
      1.381358482991005,
      -0.8061764375098155,
      4.836258097319875,
      -2.8207505676715305,
      -1.3813584829910053,
      0.8061764375098153,
      -1.381358482991005,
      0.8061764375098155,
      1.3813584829910053,
      -0.8061764375098153,
      -4.836258097319875,
      2.8207665676715306,
      1.3813584829910048,
      -0.8061764375098154,
      -1.3813584829910053,
      0.8061764375098153,
      4.836258097319875,
      -2.8207505676715305,
      -1.3813584829910048,
      0.8061764375098154,
      1.381358482991005,
      -0.8061764375098155,
      1.3813584829910048,
      -0.8061764375098154,
      -4.836258097319875,
      2.820766567671531,
      -1.381358482991005,
      0.8061764375098155,
      -1.3813584829910048,
      0.8061764375098154,
      4.836258097319875,
      -2.820750567671531
    ],