{
  "time": [
    "2019-01-01T00:00"
  ],
  "bus": [
    {
      "uid": "sourcebus",
      "x": 0.0,
      "y": 0.0,
      "phases": [
        1,
        2,
        3
      ],
      "kV_base": 0.23094010767585033,
      "vm": {
        "1": [
          229.99325013892442
        ],
        "2": [
          229.99325013892434
        ],
        "3": [
          229.99325013892442
        ]
      },
      "va": {
        "1": [
          -8.785895023123046e-07
        ],
        "2": [
          -120.00000087860134
        ],
        "3": [
          119.99999910205558
        ]
      }
    },
    {
      "uid": "loadbus",
      "x": 0.0,
      "y": 0.0,
      "phases": [
        1,
        2,
        3
      ],
      "kV_base": 0.23094010767585033,
      "vm": {
        "1": [
          225.87604704003218
        ],
        "2": [
          225.87604704082128
        ],
        "3": [
          225.87604703997292
        ]
      },
      "va": {
        "1": [
          -0.06628311487474793
        ],
        "2": [
          -120.06628311475795
        ],
        "3": [
          119.9337168660015
        ]
      }
    }
  ],
  "branch": [
    {
      "uid": "Line.ohline",
      "transformer": false,
      "length": 2.0,
      "phases": [
        1,
        2,
        3
      ],
      "source": "sourcebus",
      "target": "loadbus",
      "yprim": [
        4.836258097319875,
        -2.8207505676715305,
        -1.3813584829910053,
        0.8061764375098153,
        -1.381358482991005,
        0.8061764375098155,
        -4.836258097319875,
        2.8207665676715306,
        1.3813584829910053,
        -0.8061764375098153,
        1.381358482991005,
        -0.8061764375098155,
        -1.3813584829910053,
        0.8061764375098153,
        4.836258097319875,
        -2.8207505676715305,
        -1.3813584829910048,
        0.8061764375098154,
        1.3813584829910053,
        -0.8061764375098153,
        -4.836258097319875,
        2.8207665676715306,
        1.3813584829910048,
        -0.8061764375098154,
        -1.381358482991005,
        0.8061764375098155,
        -1.3813584829910048,
        0.8061764375098154,
        4.836258097319875,
        -2.820750567671531,
        1.381358482991005,
        -0.8061764375098155,
        1.3813584829910048,
        -0.8061764375098154,
        -4.836258097319875,
        2.820766567671531,
        -4.836258097319875,
        2.8207665676715306,
        1.3813584829910053,
        -0.8061764375098153,
        1.381358482991005,
        -0.8061764375098155,
        4.836258097319875,
        -2.8207505676715305,
        -1.3813584829910053,
        0.8061764375098153,
        -1.381358482991005,
        0.8061764375098155,
        1.3813584829910053,
        -0.8061764375098153,
        -4.836258097319875,
        2.8207665676715306,
        1.3813584829910048,
        -0.8061764375098154,
        -1.3813584829910053,
        0.8061764375098153,
        4.836258097319875,
        -2.8207505676715305,
        -1.3813584829910048,
        0.8061764375098154,
        1.381358482991005,
        -0.8061764375098155,
        1.3813584829910048,
        -0.8061764375098154,
        -4.836258097319875,
        2.820766567671531,
        -1.381358482991005,
        0.8061764375098155,
        -1.3813584829910048,
        0.8061764375098154,
        4.836258097319875,
        -2.820750567671531
      ],
      "normal_flow_limit": 92.37604307034013,
      "Rm": [
        0.1,
        0.04,
        0.04,
        0.04,
        0.1,
        0.04,
        0.04,
        0.04,
        0.1
      ],
      "Xm": [
        0.0583,
        0.0233,
        0.0233,
        0.0233,
        0.0583,
        0.0233,
        0.0233,
        0.0233,
        0.0583
      ],
      "n": 6,
      "pij": {
        "1": [
          6.105828959522206
        ],
        "2": [
          6.10582895950772
        ],
        "3": [
          6.105828959536105
        ]
      },
      "pji": {
        "1": [
          -5.999999621012985
        ],
        "2": [
          -5.999999621012959
        ],
        "3": [
          -5.999999621012972
        ]
      },
      "qij": {
        "1": [
          3.0600709205279735
        ],
        "2": [
          3.0600709205035055
        ],
        "3": [
          3.0600709205041188
        ]
      },
      "qji": {
        "1": [
          -2.999999809854726
        ],
        "2": [
          -2.999999809854646
        ],
        "3": [
          -2.9999998098547165
        ]
      },
      "b_k": {
        "1": 150440.88360914832,
        "2": 150440.88360914832,
        "3": 150440.8836091483
      }
    }
  ],
  "load": [
    {
      "bus": "loadbus",
      "uid": "l1",
      "phases": [
        1
      ],
      "kVA_base": 6.708203932499369,
      "p": {
        "1": [
          5.999999812183458
        ]
      },
      "q": {
        "1": [
          2.999999891064173
        ]
      }
    },
    {
      "bus": "loadbus",
      "uid": "l2",
      "phases": [
        2
      ],
      "kVA_base": 6.708203932499369,
      "p": {
        "2": [
          5.999999812183458
        ]
      },
      "q": {
        "2": [
          2.999999891064169
        ]
      }
    },
    {
      "bus": "loadbus",
      "uid": "l3",
      "phases": [
        3
      ],
      "kVA_base": 6.708203932499369,
      "p": {
        "3": [
          5.999999812183462
        ]
      },
      "q": {
        "3": [
          2.9999998910641716
        ]
      }
    }
  ],
  "capacitor": [],
  "vsource": [
    {
      "uid": "source",
      "phases": [
        1,
        2,
        3
      ],
      "bus": "sourcebus",
      "p": {
        "1": [
          6.105828960210302
        ],
        "2": [
          6.105829022530683
        ],
        "3": [
          6.105828989627548
        ]
      },
      "q": {
        "1": [
          3.060070917252396
        ],
        "2": [
          3.060071009909153
        ],
        "3": [
          3.060070934953533
        ]
      }
    }
  ],
  "generators": [],
  "ybus": {
    "matrix": [
      4.836258097319875,
      -2.8207505676715305,
      -1.3813584829910053,
      0.8061764375098153,
      -1.381358482991005,
      0.8061764375098155,
      -4.836258097319875,
      2.8207665676715306,
      1.3813584829910053,
      -0.8061764375098153,
      1.381358482991005,
      -0.8061764375098155,
      -1.3813584829910053,
      0.8061764375098153,
      4.836258097319875,
      -2.8207505676715305,
      -1.3813584829910048,
      0.8061764375098154,
      1.3813584829910053,
      -0.8061764375098153,
      -4.836258097319875,
      2.8207665676715306,
      1.3813584829910048,
      -0.8061764375098154,
      -1.381358482991005,
      0.8061764375098155,
      -1.3813584829910048,
      0.8061764375098154,
      4.836258097319875,
      -2.820750567671531,
      1.381358482991005,
      -0.8061764375098155,
      1.3813584829910048,
      -0.8061764375098154,
      -4.836258097319875,
      2.820766567671531,
      -4.836258097319875,
      2.8207665676715306,
      1.3813584829910053,
      -0.8061764375098153,
      1.381358482991005,
      -0.8061764375098155,
      4.836258097319875,
      -2.8207505676715305,
      -1.3813584829910053,
      0.8061764375098153,
      -1.381358482991005,
      0.8061764375098155,
      1.3813584829910053,
      -0.8061764375098153,
      -4.836258097319875,
      2.8207665676715306,
      1.3813584829910048,
      -0.8061764375098154,
      -1.3813584829910053,
      0.8061764375098153,
      4.836258097319875,
      -2.8207505676715305,
      -1.3813584829910048,
      0.8061764375098154,
      1.381358482991005,
      -0.8061764375098155,
      1.3813584829910048,
      -0.8061764375098154,
      -4.836258097319875,
      2.820766567671531,
      -1.381358482991005,
      0.8061764375098155,
      -1.3813584829910048,
      0.8061764375098154,
      4.836258097319875,
      -2.820750567671531
    ],