{
  "uid": "7df58a86a8df479eb85b5d8426b74ebb",
  "time": [
    "2019-01-01T00:00"
  ],
  "bus": [
    {
      "uid": "sourcebus",
      "x": 0.0,
      "y": 0.0,
      "phases": [
        1,
        2,
        3
      ],
      "kV_base": 7.199557856794634,
      "vm": {
        "1": [
          7343.488509266639
        ],
        "2": [
          7343.482647977711
        ],
        "3": [
          7343.467545612543
        ]
      },
      "va": {
        "1": [
          -0.0005305297887412275
        ],
        "2": [
          -120.00069300187509
        ],
        "3": [
          119.9994278146612
        ]
      }
    },
    {
      "uid": "n2",
      "x": 1.0,
      "y": 0.0,
      "phases": [
        1,
        2,
        3
      ],
      "kV_base": 7.199557856794634,
      "vm": {
        "1": [
          7313.5924762656705
        ],
        "2": [
          7318.563156105564
        ],
        "3": [
          7311.665895933451
        ]
      },
      "va": {
        "1": [
          -0.12492832445813207
        ],
        "2": [
          -120.19202121724418
        ],
        "3": [
          119.8355872248765
        ]
      }
    },
    {
      "uid": "n3",
      "x": 2.0,
      "y": 0.0,
      "phases": [
        1,
        2,
        3
      ],
      "kV_base": 2.4017771198288433,
      "vm": {
        "1": [
          2400.6877751602497
        ],
        "2": [
          2399.2495126145436
        ],
        "3": [
          2394.9514272708393
        ]
      },
      "va": {
        "1": [
          -31.1309869388472
        ],
        "2": [
          -151.4488300905278
        ],
        "3": [
          88.11279663310323
        ]
      }
    },
    {
      "uid": "n4",
      "x": 3.0,
      "y": 0.0,
      "phases": [
        1,
        2,
        3
      ],
      "kV_base": 2.4017771198288433,
      "vm": {
        "1": [
          2319.07343224958
        ],
        "2": [
          2277.707799430453
        ],
        "3": [
          2285.1287118882224
        ]
      },
      "va": {
        "1": [
          -31.873890418152868
        ],
        "2": [
          -153.01567356971847
        ],
        "3": [
          84.39340279240277
        ]
      }
    }
  ],
  "branch": [
    {
      "uid": "Line.line1",
      "transformer": false,
      "length": 2000.0,
      "f_connections": [
        1,
        2,
        3
      ],
      "t_connections": [
        1,
        2,
        3
      ],
      "source": "sourcebus",
      "target": "n2",
      "normal_flow_limit": 3815.765664101156,
      "Rm": [
        8.665571216677602e-05,
        2.9534277170758664e-05,
        2.9067392492449916e-05,
        2.9534277170758664e-05,
        8.837469668494741e-05,
        2.9923697223463488e-05,
        2.9067392492449916e-05,
        2.9923697223463488e-05,
        8.739835966276044e-05
      ],
      "Xm": [
        0.00020417198646332182,
        9.501129693718167e-05,
        7.290114720173097e-05,
        9.501129693718167e-05,
        0.00019851475670395192,
        8.023362952881993e-05,
        7.290114720173097e-05,
        8.023362952881993e-05,
        0.000201714379619637
      ],
      "Ym": [
        5.379084070155149e-10,
        -1.735922684089662e-10,
        -6.616194756167049e-11,
        -1.735922684089662e-10,
        5.667505463081944e-10,
        -1.103508247577725e-10,
        -6.616194756167049e-11,
        -1.103508247577725e-10,
        5.114298794680888e-10
      ],
      "n": 6,
      "p_nm": {
        "1": [
          761.6798654495221
        ],
        "2": [
          965.913625284161
        ],
        "3": [
          858.5970078610611
        ]
      },
      "p_mn": {
        "1": [
          -759.4592639063259
        ],
        "2": [
          -963.9656230056635
        ],
        "3": [
          -856.5143031359047
        ]
      },
      "q_nm": {
        "1": [
          398.62814116400136
        ],
        "2": [
          404.62996021625696
        ],
        "3": [
          578.4900310830303
        ]
      },
      "q_mn": {
        "1": [
          -395.4983864271876
        ],
        "2": [
          -400.1922232914187
        ],
        "3": [
          -573.6664187919943
        ]
      }
    },
    {
      "uid": "Transformer.t1",
      "transformer": true,
      "length": 10,
      "f_connections": [
        1,
        2,
        3
      ],
      "t_connections": [
        1,
        2,
        3
      ],
      "source": "n2",
      "target": "n3",
      "connection": [
        "delta",
        "wye"
      ],
      "R": 1.0,
      "xhl": 6.0,
      "s_base": 6000.0,
      "normal_flow_limit": 2000.0,
      "v_base": [
        12.47,
        4.16
      ],
      "n": 8,
      "p_nm": {
        "1": [
          759.4592639062937
        ],
        "2": [
          963.9656230056229
        ],
        "3": [
          856.5143031358672
        ]
      },
      "p_mn": {
        "1": [
          -654.5763088053255
        ],
        "2": [
          -841.5971350178892
        ],
        "3": [
          -1069.5627282879925
        ]
      },
      "q_nm": {
        "1": [
          395.4983864272342
        ],
        "2": [
          400.19222329136534
        ],
        "3": [
          573.6664187919728
        ]
      },
      "q_mn": {
        "1": [
          -417.4960100479119
        ],
        "2": [
          -436.38478657436394
        ],
        "3": [
          -430.2530685238614
        ]
      }
    },
    {
      "uid": "Line.line2",
      "transformer": false,
      "length": 2500.0,
      "f_connections": [
        1,
        2,
        3
      ],
      "t_connections": [
        1,
        2,
        3
      ],
      "source": "n3",
      "target": "n4",
      "normal_flow_limit": 1272.941873509287,
      "Rm": [
        8.665571216677601e-05,
        2.9534277170758667e-05,
        2.9067392492449913e-05,
        2.9534277170758667e-05,
        8.837469668494741e-05,
        2.9923697223463485e-05,
        2.9067392492449913e-05,
        2.9923697223463485e-05,
        8.739835966276044e-05
      ],
      "Xm": [
        0.00020417198646332184,
        9.501129693718166e-05,
        7.290114720173099e-05,
        9.501129693718166e-05,
        0.00019851475670395192,
        8.023362952881993e-05,
        7.290114720173099e-05,
        8.023362952881993e-05,
        0.000201714379619637
      ],
      "Ym": [
        5.379084070155149e-10,
        -1.735922684089662e-10,
        -6.616194756167049e-11,
        -1.735922684089662e-10,
        5.667505463081943e-10,
        -1.1035082475777248e-10,
        -6.616194756167049e-11,
        -1.1035082475777248e-10,
        5.114298794680886e-10
      ],
      "n": 6,
      "p_nm": {
        "1": [
          654.5763088053136
        ],
        "2": [
          841.5971350178921
        ],
        "3": [
          1069.562728287991
        ]
      },
      "p_mn": {
        "1": [
          -637.501726218929
        ],
        "2": [
          -809.9910374063999
        ],
        "3": [
          -1044.9977287268248
        ]
      },
      "q_nm": {
        "1": [
          417.49601004790026
        ],
        "2": [
          436.3847865743643
        ],
        "3": [
          430.2530685238788
        ]
      },
      "q_mn": {
        "1": [
          -395.0882165439346
        ],
        "2": [
          -392.2962535501277
        ],
        "3": [
          -343.4737771903308
        ]
      }
    }
  ],
  "load_shape": [
    {
      "uid": "default",
      "p_mult": [
        0.6256,
        0.6087,
        0.5833,
        0.58028,
        0.6025,
        0.657,
        0.7477,
        0.832,
        0.88,
        0.94,
        0.989,
        0.985,
        0.98,
        0.9898,
        0.999,
        1.0,
        0.958,
        0.936,
        0.913,
        0.876,
        0.876,
        0.828,
        0.756,
        0.677
      ],
      "q_mult": [
        0.0
      ]
    }
  ],