{
  "uid": "ad728e2d580240e4a03e5ee0fe3c7c73",
  "time": [
    "2019-01-01T00:00"
  ],
  "bus": [
    {
      "uid": "sourcebus",
      "x": 0.0,
      "y": 0.0,
      "phases": [
        1,
        2,
        3
      ],
      "kV_base": 7.199557856794634,
      "vm": {
        "1": [
          7199.495831953158
        ],
        "2": [
          7199.489583300323
        ],
        "3": [
          7199.47429756788
        ]
      },
      "va": {
        "1": [
          -0.0005529109068051376
        ],
        "2": [
          -120.000722097224
        ],
        "3": [
          119.99940553830066
        ]
      }
    },
    {
      "uid": "n2",
      "x": 0.0,
      "y": 0.0,
      "phases": [
        1,
        2,
        3
      ],
      "kV_base": 7.199557856794634,
      "vm": {
        "1": [
          7168.884846549927
        ],
        "2": [
          7173.882742425897
        ],
        "3": [
          7166.888247583118
        ]
      },
      "va": {
        "1": [
          -0.12992228031494812
        ],
        "2": [
          -120.1998844648509
        ],
        "3": [
          119.82939711132846
        ]
      }
    },
    {
      "uid": "n3",
      "x": 0.0,
      "y": 0.0,
      "phases": [
        1,
        2,
        3
      ],
      "kV_base": 2.4017771198288433,
      "vm": {
        "1": [
          2351.492086115031
        ],
        "2": [
          2349.917406709927
        ],
        "3": [
          2345.3376688943085
        ]
      },
      "va": {
        "1": [
          -31.178453256740784
        ],
        "2": [
          -151.5110966576745
        ],
        "3": [
          88.03348681244333
        ]
      }
    },
    {
      "uid": "n4",
      "x": 0.0,
      "y": 0.0,
      "phases": [
        1,
        2,
        3
      ],
      "kV_base": 2.4017771198288433,
      "vm": {
        "1": [
          2268.1159042104237
        ],
        "2": [
          2225.645345590917
        ],
        "3": [
          2232.562567397296
        ]
      },
      "va": {
        "1": [
          -31.958340591342328
        ],
        "2": [
          -153.14418997428234
        ],
        "3": [
          84.14760648783107
        ]
      }
    }
  ],
  "branch": [
    {
      "uid": "Line.line1",
      "transformer": false,
      "length": 2000.0,
      "phases": [
        1,
        2,
        3
      ],
      "source": "sourcebus",
      "target": "n2",
      "normal_flow_limit": 3815.765664101156,
      "Rm": [
        8.665571216677602e-05,
        2.9534277170758664e-05,
        2.9067392492449916e-05,
        2.9534277170758664e-05,
        8.837469668494741e-05,
        2.9923697223463488e-05,
        2.9067392492449916e-05,
        2.9923697223463488e-05,
        8.739835966276044e-05
      ],
      "Xm": [
        0.00020417198646332182,
        9.501129693718167e-05,
        7.290114720173097e-05,
        9.501129693718167e-05,
        0.00019851475670395192,
        8.023362952881993e-05,
        7.290114720173097e-05,
        8.023362952881993e-05,
        0.000201714379619637
      ],
      "Ym": [
        5.379084070155149e-10,
        -1.735922684089662e-10,
        -6.616194756167049e-11,
        -1.735922684089662e-10,
        5.667505463081944e-10,
        -1.103508247577725e-10,
        -6.616194756167049e-11,
        -1.103508247577725e-10,
        5.114298794680888e-10
      ],
      "n": 6,
      "p_nm": {
        "1": [
          763.4448376461477
        ],
        "2": [
          968.454830994613
        ],
        "3": [
          858.684974167118
        ]
      },
      "p_mn": {
        "1": [
          -761.1180909001584
        ],
        "2": [
          -966.411900347537
        ],
        "3": [
          -856.50862470021
        ]
      },
      "q_nm": {
        "1": [
          401.14620264719076
        ],
        "2": [
          409.53220952891223
        ],
        "3": [
          582.8727894183769
        ]
      },
      "q_mn": {
        "1": [
          -397.8586227387816
        ],
        "2": [
          -404.8649087376185
        ],
        "3": [
          -577.8191920466794
        ]
      }
    },
    {
      "uid": "Transformer.t1",
      "transformer": true,
      "length": 10,
      "phases": [
        1,
        2,
        3
      ],
      "source": "n2",
      "target": "n3",
      "connection": [
        "delta",
        "wye"
      ],
      "R": 1.0,
      "xhl": 6.0,
      "s_base": 6000.0,
      "normal_flow_limit": 2000.0,
      "v_base": [
        12.47,
        4.16
      ],
      "n": 8,
      "p_nm": {
        "1": [
          761.1180909001412
        ],
        "2": [
          966.4119003475149
        ],
        "3": [
          856.5086247001732
        ]
      },
      "p_mn": {
        "1": [
          -655.2990089588568
        ],
        "2": [
          -843.0638780052353
        ],
        "3": [
          -1070.8041734624069
        ]
      },
      "q_nm": {
        "1": [
          397.8586227387491
        ],
        "2": [
          404.8649087375936
        ],
        "3": [
          577.819192046711
        ]
      },
      "q_mn": {
        "1": [
          -418.55315834298415
        ],
        "2": [
          -438.3836462165518
        ],
        "3": [
          -434.3717328859135
        ]
      }
    },
    {
      "uid": "Line.line2",
      "transformer": false,
      "length": 2500.0,
      "phases": [
        1,
        2,
        3
      ],
      "source": "n3",
      "target": "n4",
      "normal_flow_limit": 1272.941873509287,
      "Rm": [
        8.665571216677601e-05,
        2.9534277170758667e-05,
        2.9067392492449913e-05,
        2.9534277170758667e-05,
        8.837469668494741e-05,
        2.9923697223463485e-05,
        2.9067392492449913e-05,
        2.9923697223463485e-05,
        8.739835966276044e-05
      ],
      "Xm": [
        0.00020417198646332184,
        9.501129693718166e-05,
        7.290114720173099e-05,
        9.501129693718166e-05,
        0.00019851475670395192,
        8.023362952881993e-05,
        7.290114720173099e-05,
        8.023362952881993e-05,
        0.000201714379619637
      ],
      "Ym": [
        5.379084070155149e-10,
        -1.735922684089662e-10,
        -6.616194756167049e-11,
        -1.735922684089662e-10,
        5.667505463081943e-10,
        -1.1035082475777248e-10,
        -6.616194756167049e-11,
        -1.1035082475777248e-10,
        5.114298794680886e-10
      ],
      "n": 6,
      "p_nm": {
        "1": [
          655.2990089588552
        ],
        "2": [
          843.0638780052417
        ],
        "3": [
          1070.8041734624082
        ]
      },
      "p_mn": {
        "1": [
          -637.5031831213258
        ],
        "2": [
          -809.9869290181389
        ],
        "3": [
          -1044.9926566630907
        ]
      },
      "q_nm": {
        "1": [
          418.55315834297744
        ],
        "2": [
          438.38364621655035
        ],
        "3": [
          434.3717328859156
        ]
      },
      "q_mn": {
        "1": [
          -395.0892721951208
        ],
        "2": [
          -392.29403057620436
        ],
        "3": [
          -343.4714297800767
        ]
      }
    }
  ],
  "load_shape": [
    {
      "uid": "default",
      "p_mult": [
        0.6256,
        0.6087,
        0.5833,
        0.58028,
        0.6025,
        0.657,
        0.7477,
        0.832,
        0.88,
        0.94,
        0.989,
        0.985,
        0.98,
        0.9898,
        0.999,
        1.0,
        0.958,
        0.936,
        0.913,
        0.876,
        0.876,
        0.828,
        0.756,
        0.677
      ],
      "q_mult": [
        0.0
      ]
    }
  ],
  "load": [
    {
      "bus": "n4",
      "uid": "load1a",
      "phases": [
        1
      ],
      "pf": 0.85,
      "kV": 2.4,
      "kW": 637.5,
      "kvar": 395.0870157319778,
      "load_shape": null,