{
  "time": [
    "2019-01-01T00:00"
  ],
  "bus": [
    {
      "uid": "sourcebus",
      "x": 0.0,
      "y": 0.0,
      "phases": [
        1,
        2,
        3
      ],
      "kV_base": 0.23094010767585033,
      "vm": {
        "1": [
          229.9932501686668
        ],
        "2": [
          229.9932501686668
        ],
        "3": [
          229.99325016866686
        ]
      },
      "va": {
        "1": [
          -8.708182742194883e-07
        ],
        "2": [
          -120.0000008708301
        ],
        "3": [
          119.99999910982679
        ]
      }
    },
    {
      "uid": "loadbus",
      "x": 0.0,
      "y": 0.0,
      "phases": [
        1,
        2,
        3
      ],
      "kV_base": 0.23094010767585033,
      "vm": {
        "1": [
          227.95338554563796
        ],
        "2": [
          227.95338554602492
        ],
        "3": [
          227.9533855456086
        ]
      },
      "va": {
        "1": [
          -0.032813701498667545
        ],
        "2": [
          -120.03281370144686
        ],
        "3": [
          119.9671862792609
        ]
      }
    }
  ],
  "branch": [
    {
      "uid": "Line.ohline",
      "transformer": false,
      "length": 1.0,
      "phases": [
        1,
        2,
        3
      ],
      "source": "sourcebus",
      "target": "loadbus",
      "yprim": [
        9.67251619463975,
        -5.641525135343061,
        -2.7627169659820106,
        1.6123528750196305,
        -2.76271696598201,
        1.612352875019631,
        -9.67251619463975,
        5.641533135343061,
        2.7627169659820106,
        -1.6123528750196305,
        2.76271696598201,
        -1.612352875019631,
        -2.7627169659820106,
        1.6123528750196305,
        9.67251619463975,
        -5.641525135343061,
        -2.7627169659820097,
        1.6123528750196308,
        2.7627169659820106,
        -1.6123528750196305,
        -9.67251619463975,
        5.641533135343061,
        2.7627169659820097,
        -1.6123528750196308,
        -2.76271696598201,
        1.612352875019631,
        -2.7627169659820097,
        1.6123528750196308,
        9.67251619463975,
        -5.641525135343062,
        2.76271696598201,
        -1.612352875019631,
        2.7627169659820097,
        -1.6123528750196308,
        -9.67251619463975,
        5.641533135343062,
        -9.67251619463975,
        5.641533135343061,
        2.7627169659820106,
        -1.6123528750196305,
        2.76271696598201,
        -1.612352875019631,
        9.67251619463975,
        -5.641525135343061,
        -2.7627169659820106,
        1.6123528750196305,
        -2.76271696598201,
        1.612352875019631,
        2.7627169659820106,
        -1.6123528750196305,
        -9.67251619463975,
        5.641533135343061,
        2.7627169659820097,
        -1.6123528750196308,
        -2.7627169659820106,
        1.6123528750196305,
        9.67251619463975,
        -5.641525135343061,
        -2.7627169659820097,
        1.6123528750196308,
        2.76271696598201,
        -1.612352875019631,
        2.7627169659820097,
        -1.6123528750196308,
        -9.67251619463975,
        5.641533135343062,
        -2.76271696598201,
        1.612352875019631,
        -2.7627169659820097,
        1.6123528750196308,
        9.67251619463975,
        -5.641525135343062
      ],
      "normal_flow_limit": 92.37604307034013,
      "Rm": [
        0.1,
        0.04,
        0.04,
        0.04,
        0.1,
        0.04,
        0.04,
        0.04,
        0.1
      ],
      "Xm": [
        0.0583,
        0.0233,
        0.0233,
        0.0233,
        0.0583,
        0.0233,
        0.0233,
        0.0233,
        0.0583
      ],
      "n": 6,
      "pij": {
        "1": [
          6.05195740820087
        ],
        "2": [
          6.051957408193928
        ],
        "3": [
          6.0519574082077865
        ]
      },
      "pji": {
        "1": [
          -5.999999985747135
        ],
        "2": [
          -5.999999985747088
        ],
        "3": [
          -5.999999985747307
        ]
      },
      "qij": {
        "1": [
          3.0294696121691125
        ],
        "2": [
          3.029469612157321
        ],
        "3": [
          3.02946961215751
        ]
      },
      "qji": {
        "1": [
          -2.999999992858816
        ],
        "2": [
          -2.999999992858992
        ],
        "3": [
          -2.9999999928589003
        ]
      },
      "b_k": {
        "1": 300881.76721829665,
        "2": 300881.76721829665,
        "3": 300881.7672182966
      }
    }
  ],
  "load": [
    {
      "bus": "loadbus",
      "uid": "l1",
      "phases": [
        1
      ],
      "kVA_base": 6.708203932499369,
      "p": {
        "1": [
          5.999999993005757
        ]
      },
      "q": {
        "1": [
          2.999999995932935
        ]
      }
    },
    {
      "bus": "loadbus",
      "uid": "l2",
      "phases": [
        2
      ],
      "kVA_base": 6.708203932499369,
      "p": {
        "2": [
          5.999999993005758
        ]
      },
      "q": {
        "2": [
          2.999999995932934
        ]
      }
    },
    {
      "bus": "loadbus",
      "uid": "l3",
      "phases": [
        3
      ],
      "kVA_base": 6.708203932499369,
      "p": {
        "3": [
          5.999999993005759
        ]
      },
      "q": {
        "3": [
          2.9999999959329346
        ]
      }
    }
  ],
  "capacitor": [],
  "vsource": [
    {
      "uid": "source",
      "phases": [
        1,
        2,
        3
      ],
      "bus": "sourcebus",
      "p": {
        "1": [
          6.051957384831138
        ],
        "2": [
          6.0519573555500905
        ],
        "3": [
          6.051957339147985
        ]
      },
      "q": {
        "1": [
          3.0294695577464763
        ],
        "2": [
          3.029469550254011
        ],
        "3": [
          3.029469537359127
        ]
      }
    }
  ],
  "generators": [],
  "ybus": {
    "matrix": [
      9.67251619463975,
      -5.641525135343061,
      -2.7627169659820106,
      1.6123528750196305,
      -2.76271696598201,
      1.612352875019631,
      -9.67251619463975,
      5.641533135343061,
      2.7627169659820106,
      -1.6123528750196305,
      2.76271696598201,
      -1.612352875019631,
      -2.7627169659820106,
      1.6123528750196305,
      9.67251619463975,
      -5.641525135343061,
      -2.7627169659820097,
      1.6123528750196308,
      2.7627169659820106,
      -1.6123528750196305,
      -9.67251619463975,
      5.641533135343061,
      2.7627169659820097,
      -1.6123528750196308,
      -2.76271696598201,
      1.612352875019631,
      -2.7627169659820097,
      1.6123528750196308,
      9.67251619463975,
      -5.641525135343062,
      2.76271696598201,
      -1.612352875019631,
      2.7627169659820097,
      -1.6123528750196308,
      -9.67251619463975,
      5.641533135343062,
      -9.67251619463975,
      5.641533135343061,
      2.7627169659820106,
      -1.6123528750196305,
      2.76271696598201,
      -1.612352875019631,
      9.67251619463975,
      -5.641525135343061,
      -2.7627169659820106,
      1.6123528750196305,
      -2.76271696598201,
      1.612352875019631,
      2.7627169659820106,
      -1.6123528750196305,
      -9.67251619463975,
      5.641533135343061,
      2.7627169659820097,
      -1.6123528750196308,
      -2.7627169659820106,
      1.6123528750196305,
      9.67251619463975,
      -5.641525135343061,
      -2.7627169659820097,
      1.6123528750196308,
      2.76271696598201,
      -1.612352875019631,
      2.7627169659820097,
      -1.6123528750196308,
      -9.67251619463975,
      5.641533135343062,
      -2.76271696598201,
      1.612352875019631,
      -2.7627169659820097,
      1.6123528750196308,
      9.67251619463975,
      -5.641525135343062
    ],